USE CensaData
GO

INSERT INTO Personas (PrimerNombre, SegundoNombre, PrimerApellido, SegundoApellido, FechaDeNacimiento, Edad, Sexo, Estado) VALUES ('Beatriz', 'Ilse', 'Girón', 'Corrales', '1982-04-24', 43, 'F', 1);
INSERT INTO Personas (PrimerNombre, SegundoNombre, PrimerApellido, SegundoApellido, FechaDeNacimiento, Edad, Sexo, Estado) VALUES ('Reina', 'Miriam', 'Girón', 'Corrales', '1992-04-24', 33, 'F', 1);
INSERT INTO Personas (PrimerNombre, SegundoNombre, PrimerApellido, SegundoApellido, FechaDeNacimiento, Edad, Sexo, Estado) VALUES ('Pascual', 'Serafín', 'Girón', 'Corrales', '2008-04-24', 17, 'M', 1);
INSERT INTO Personas (PrimerNombre, SegundoNombre, PrimerApellido, SegundoApellido, FechaDeNacimiento, Edad, Sexo, Estado) VALUES ('Iván', 'Julio', 'Girón', 'Corrales', '2011-04-24', 14, 'M', 1);
INSERT INTO Personas (PrimerNombre, SegundoNombre, PrimerApellido, SegundoApellido, FechaDeNacimiento, Edad, Sexo, Estado) VALUES ('Rubén', 'Diego', 'de la O', 'Vaca', '1969-04-24', 56, 'M', 1);
INSERT INTO Personas (PrimerNombre, SegundoNombre, PrimerApellido, SegundoApellido, FechaDeNacimiento, Edad, Sexo, Estado) VALUES ('Conchita', 'Gerónimo', 'de la O', 'Vaca', '1965-04-24', 60, 'F', 1);
INSERT INTO Personas (PrimerNombre, SegundoNombre, PrimerApellido, SegundoApellido, FechaDeNacimiento, Edad, Sexo, Estado) VALUES ('Bernabé', 'Nadia', 'de la O', 'Vaca', '1999-04-24', 26, 'F', 1);
INSERT INTO Personas (PrimerNombre, SegundoNombre, PrimerApellido, SegundoApellido, FechaDeNacimiento, Edad, Sexo, Estado) VALUES ('Emiliano', 'Ángel', 'de la O', 'Vaca', '2014-04-24', 11, 'M', 1);
INSERT INTO Personas (PrimerNombre, SegundoNombre, PrimerApellido, SegundoApellido, FechaDeNacimiento, Edad, Sexo, Estado) VALUES ('Hermelinda', 'Adán', 'Bonilla', 'de la 1', '1986-04-24', 39, 'F', 1);
INSERT INTO Personas (PrimerNombre, SegundoNombre, PrimerApellido, SegundoApellido, FechaDeNacimiento, Edad, Sexo, Estado) VALUES ('Rocío', 'Elisa', 'Bonilla', 'de la 1', '1967-04-24', 58, 'F', 1);
INSERT INTO Personas (PrimerNombre, SegundoNombre, PrimerApellido, SegundoApellido, FechaDeNacimiento, Edad, Sexo, Estado) VALUES ('Hernán', 'Trinidad', 'Bonilla', 'de la 1', '2020-04-24', 5, 'M', 1);
INSERT INTO Personas (PrimerNombre, SegundoNombre, PrimerApellido, SegundoApellido, FechaDeNacimiento, Edad, Sexo, Estado) VALUES ('Silvio', 'Cornelio', 'Bonilla', 'de la 1', '2006-04-24', 19, 'M', 1);
INSERT INTO Personas (PrimerNombre, SegundoNombre, PrimerApellido, SegundoApellido, FechaDeNacimiento, Edad, Sexo, Estado) VALUES ('Evelio', 'Arturo', 'Espino', 'Nieto', '1974-04-24', 51, 'M', 1);
INSERT INTO Personas (PrimerNombre, SegundoNombre, PrimerApellido, SegundoApellido, FechaDeNacimiento, Edad, Sexo, Estado) VALUES ('Uriel', 'Adán', 'Espino', 'Nieto', '1991-04-24', 34, 'M', 1);
INSERT INTO Personas (PrimerNombre, SegundoNombre, PrimerApellido, SegundoApellido, FechaDeNacimiento, Edad, Sexo, Estado) VALUES ('Ángel', 'Serafín', 'Espino', 'Nieto', '2023-04-24', 2, 'M', 1);
INSERT INTO Personas (PrimerNombre, SegundoNombre, PrimerApellido, SegundoApellido, FechaDeNacimiento, Edad, Sexo, Estado) VALUES ('Claudia', 'Adriana', 'Espino', 'Nieto', '2003-04-24', 22, 'F', 1);
INSERT INTO Personas (PrimerNombre, SegundoNombre, PrimerApellido, SegundoApellido, FechaDeNacimiento, Edad, Sexo, Estado) VALUES ('Patricio', 'Jonás', 'Valdez', 'Varela', '1983-04-24', 42, 'M', 1);
INSERT INTO Personas (PrimerNombre, SegundoNombre, PrimerApellido, SegundoApellido, FechaDeNacimiento, Edad, Sexo, Estado) VALUES ('Jaime', 'Julio César', 'Valdez', 'Varela', '1988-04-24', 37, 'M', 1);
INSERT INTO Personas (PrimerNombre, SegundoNombre, PrimerApellido, SegundoApellido, FechaDeNacimiento, Edad, Sexo, Estado) VALUES ('Fidela', 'Patricia', 'Valdez', 'Varela', '1996-04-24', 29, 'F', 1);
INSERT INTO Personas (PrimerNombre, SegundoNombre, PrimerApellido, SegundoApellido, FechaDeNacimiento, Edad, Sexo, Estado) VALUES ('Julio', 'Cesar', 'Valdez', 'Varela', '2014-04-24', 11, 'M', 1);
INSERT INTO Personas (PrimerNombre, SegundoNombre, PrimerApellido, SegundoApellido, FechaDeNacimiento, Edad, Sexo, Estado) VALUES ('Amanda', 'María', 'Pulido', 'Bermúdez', '1972-04-24', 53, 'F', 1);
INSERT INTO Personas (PrimerNombre, SegundoNombre, PrimerApellido, SegundoApellido, FechaDeNacimiento, Edad, Sexo, Estado) VALUES ('Irene', 'Esteysi', 'Pulido', 'Bermúdez', '1991-04-24', 34, 'F', 1);
INSERT INTO Personas (PrimerNombre, SegundoNombre, PrimerApellido, SegundoApellido, FechaDeNacimiento, Edad, Sexo, Estado) VALUES ('Trinidad', 'Marisol', 'Pulido', 'Bermúdez', '1999-04-24', 26, 'F', 1);
INSERT INTO Personas (PrimerNombre, SegundoNombre, PrimerApellido, SegundoApellido, FechaDeNacimiento, Edad, Sexo, Estado) VALUES ('Cecil', 'Sergio', 'Pulido', 'Bermúdez', '2012-04-24', 13, 'M', 1);
INSERT INTO Personas (PrimerNombre, SegundoNombre, PrimerApellido, SegundoApellido, FechaDeNacimiento, Edad, Sexo, Estado) VALUES ('Dulce', 'Gabriela', 'Quintana', 'Sánchez', '1981-04-24', 44, 'F', 1);
INSERT INTO Personas (PrimerNombre, SegundoNombre, PrimerApellido, SegundoApellido, FechaDeNacimiento, Edad, Sexo, Estado) VALUES ('Alma', 'Augusta', 'Quintana', 'Sánchez', '1976-04-24', 49, 'F', 1);
INSERT INTO Personas (PrimerNombre, SegundoNombre, PrimerApellido, SegundoApellido, FechaDeNacimiento, Edad, Sexo, Estado) VALUES ('Barbaro', 'Gustavo', 'Quintana', 'Sánchez', '1998-04-24', 27, 'M', 1);
INSERT INTO Personas (PrimerNombre, SegundoNombre, PrimerApellido, SegundoApellido, FechaDeNacimiento, Edad, Sexo, Estado) VALUES ('Patricio', null, 'Quintana', 'Sánchez', '2012-04-24', 13, 'M', 1);
INSERT INTO Personas (PrimerNombre, SegundoNombre, PrimerApellido, SegundoApellido, FechaDeNacimiento, Edad, Sexo, Estado) VALUES ('Inés', null, 'Corrales', 'del Valle', '1966-04-24', 59, 'F', 1);
INSERT INTO Personas (PrimerNombre, SegundoNombre, PrimerApellido, SegundoApellido, FechaDeNacimiento, Edad, Sexo, Estado) VALUES ('Linda', 'Abel', 'Corrales', 'del Valle', '1973-04-24', 52, 'F', 1);
INSERT INTO Personas (PrimerNombre, SegundoNombre, PrimerApellido, SegundoApellido, FechaDeNacimiento, Edad, Sexo, Estado) VALUES ('Noelio', 'Olga', 'Corrales', 'del Valle', '2000-04-24', 25, 'M', 1);
INSERT INTO Personas (PrimerNombre, SegundoNombre, PrimerApellido, SegundoApellido, FechaDeNacimiento, Edad, Sexo, Estado) VALUES ('Alicia', 'Soledad', 'Corrales', 'del Valle', '2016-04-24', 9, 'F', 1);
INSERT INTO Personas (PrimerNombre, SegundoNombre, PrimerApellido, SegundoApellido, FechaDeNacimiento, Edad, Sexo, Estado) VALUES ('Eva', 'Noelia', 'Perea', 'Sarabia', '1966-04-24', 59, 'F', 1);
INSERT INTO Personas (PrimerNombre, SegundoNombre, PrimerApellido, SegundoApellido, FechaDeNacimiento, Edad, Sexo, Estado) VALUES ('Esmeralda', 'Socorro', 'Perea', 'Sarabia', '1976-04-24', 49, 'F', 1);
INSERT INTO Personas (PrimerNombre, SegundoNombre, PrimerApellido, SegundoApellido, FechaDeNacimiento, Edad, Sexo, Estado) VALUES ('Marcelo', 'Sergio', 'Perea', 'Sarabia', '2017-04-24', 8, 'M', 1);
INSERT INTO Personas (PrimerNombre, SegundoNombre, PrimerApellido, SegundoApellido, FechaDeNacimiento, Edad, Sexo, Estado) VALUES ('Mauricio', null, 'Perea', 'Sarabia', '2024-04-24', 1, 'M', 1);
INSERT INTO Personas (PrimerNombre, SegundoNombre, PrimerApellido, SegundoApellido, FechaDeNacimiento, Edad, Sexo, Estado) VALUES ('Patricia', 'María', 'Sanches', 'Contreras', '1965-04-24', 60, 'F', 1);
INSERT INTO Personas (PrimerNombre, SegundoNombre, PrimerApellido, SegundoApellido, FechaDeNacimiento, Edad, Sexo, Estado) VALUES ('Rocío', 'Sonia', 'Sanches', 'Contreras', '1974-04-24', 51, 'F', 1);
INSERT INTO Personas (PrimerNombre, SegundoNombre, PrimerApellido, SegundoApellido, FechaDeNacimiento, Edad, Sexo, Estado) VALUES ('Paulina', 'Patricia', 'Sanches', 'Contreras', '2010-04-24', 15, 'F', 1);
INSERT INTO Personas (PrimerNombre, SegundoNombre, PrimerApellido, SegundoApellido, FechaDeNacimiento, Edad, Sexo, Estado) VALUES ('María', 'Sonia', 'Sanches', 'Contreras', '2015-04-24', 10, 'F', 1);
INSERT INTO Personas (PrimerNombre, SegundoNombre, PrimerApellido, SegundoApellido, FechaDeNacimiento, Edad, Sexo, Estado) VALUES ('Joséfina', NULL, 'Madera', 'Téllez', '1975-04-24', 50, 'F', 1);
INSERT INTO Personas (PrimerNombre, SegundoNombre, PrimerApellido, SegundoApellido, FechaDeNacimiento, Edad, Sexo, Estado) VALUES ('Luisa', 'Bernabé', 'Madera', 'Téllez', '1994-04-24', 31, 'F', 1);
INSERT INTO Personas (PrimerNombre, SegundoNombre, PrimerApellido, SegundoApellido, FechaDeNacimiento, Edad, Sexo, Estado) VALUES ('Darío', 'Abel', 'Madera', 'Téllez', '2025-04-24', 0, 'M', 1);
INSERT INTO Personas (PrimerNombre, SegundoNombre, PrimerApellido, SegundoApellido, FechaDeNacimiento, Edad, Sexo, Estado) VALUES ('Julio', 'Susana', 'Madera', 'Téllez', '2018-04-24', 7, 'M', 1);
INSERT INTO Personas (PrimerNombre, SegundoNombre, PrimerApellido, SegundoApellido, FechaDeNacimiento, Edad, Sexo, Estado) VALUES ('Renato', 'Asunción', 'Valverde', 'Baeza', '1989-04-24', 36, 'M', 1);
INSERT INTO Personas (PrimerNombre, SegundoNombre, PrimerApellido, SegundoApellido, FechaDeNacimiento, Edad, Sexo, Estado) VALUES ('Jerónima', 'Reina', 'Valverde', 'Baeza', '1970-04-24', 55, 'F', 1);
INSERT INTO Personas (PrimerNombre, SegundoNombre, PrimerApellido, SegundoApellido, FechaDeNacimiento, Edad, Sexo, Estado) VALUES ('Ángela', 'Andrea', 'Valverde', 'Baeza', '2009-04-24', 16, 'F', 1);
INSERT INTO Personas (PrimerNombre, SegundoNombre, PrimerApellido, SegundoApellido, FechaDeNacimiento, Edad, Sexo, Estado) VALUES ('Auro', 'Javier', 'Valverde', 'Baeza', '2011-04-24', 14, 'M', 1);
INSERT INTO Personas (PrimerNombre, SegundoNombre, PrimerApellido, SegundoApellido, FechaDeNacimiento, Edad, Sexo, Estado) VALUES ('Elena', 'Miguela', 'Venegas', 'Ybarra', '1985-04-24', 40, 'F', 1);
INSERT INTO Personas (PrimerNombre, SegundoNombre, PrimerApellido, SegundoApellido, FechaDeNacimiento, Edad, Sexo, Estado) VALUES ('Juan', null, 'Venegas', 'Ybarra', '1968-04-24', 57, 'M', 1);
INSERT INTO Personas (PrimerNombre, SegundoNombre, PrimerApellido, SegundoApellido, FechaDeNacimiento, Edad, Sexo, Estado) VALUES ('Alejandra', 'Luisa', 'Venegas', 'Ybarra', '2008-04-24', 17, 'F', 1);
INSERT INTO Personas (PrimerNombre, SegundoNombre, PrimerApellido, SegundoApellido, FechaDeNacimiento, Edad, Sexo, Estado) VALUES ('Dulce María', 'Anabel', 'Venegas', 'Ybarra', '2001-04-24', 24, 'F', 1);
INSERT INTO Personas (PrimerNombre, SegundoNombre, PrimerApellido, SegundoApellido, FechaDeNacimiento, Edad, Sexo, Estado) VALUES ('Uriel', 'Isamael', 'Leal', 'Vela', '1977-04-24', 48, 'M', 1);
INSERT INTO Personas (PrimerNombre, SegundoNombre, PrimerApellido, SegundoApellido, FechaDeNacimiento, Edad, Sexo, Estado) VALUES ('Humberto', 'César', 'Leal', 'Vela', '1988-04-24', 37, 'M', 1);
INSERT INTO Personas (PrimerNombre, SegundoNombre, PrimerApellido, SegundoApellido, FechaDeNacimiento, Edad, Sexo, Estado) VALUES ('Vertor', 'Iván', 'Leal', 'Vela', '2009-04-24', 16, 'M', 1);
INSERT INTO Personas (PrimerNombre, SegundoNombre, PrimerApellido, SegundoApellido, FechaDeNacimiento, Edad, Sexo, Estado) VALUES ('Victoria', 'Raquel', 'Leal', 'Vela', '2014-04-24', 11, 'F', 1);
INSERT INTO Personas (PrimerNombre, SegundoNombre, PrimerApellido, SegundoApellido, FechaDeNacimiento, Edad, Sexo, Estado) VALUES ('Paulina', 'Emilia', 'Carbajal', 'Fernández', '1993-04-24', 32, 'F', 1);
INSERT INTO Personas (PrimerNombre, SegundoNombre, PrimerApellido, SegundoApellido, FechaDeNacimiento, Edad, Sexo, Estado) VALUES ('Óliver', 'Enrique', 'Carbajal', 'Fernández', '1969-04-24', 56, 'M', 1);
INSERT INTO Personas (PrimerNombre, SegundoNombre, PrimerApellido, SegundoApellido, FechaDeNacimiento, Edad, Sexo, Estado) VALUES ('Ángel', 'René', 'Carbajal', 'Fernández', '2025-04-24', 0, 'M', 1);
INSERT INTO Personas (PrimerNombre, SegundoNombre, PrimerApellido, SegundoApellido, FechaDeNacimiento, Edad, Sexo, Estado) VALUES ('Carmen', 'Vicenta', 'Carbajal', 'Fernández', '2015-04-24', 10, 'F', 1);
INSERT INTO Personas (PrimerNombre, SegundoNombre, PrimerApellido, SegundoApellido, FechaDeNacimiento, Edad, Sexo, Estado) VALUES ('Dilan', 'Alfonso', 'Negrón', 'Almaraz', '1968-04-24', 57, 'M', 1);
INSERT INTO Personas (PrimerNombre, SegundoNombre, PrimerApellido, SegundoApellido, FechaDeNacimiento, Edad, Sexo, Estado) VALUES ('Cornelio', 'Manuel', 'Negrón', 'Almaraz', '1987-04-24', 38, 'M', 1);
INSERT INTO Personas (PrimerNombre, SegundoNombre, PrimerApellido, SegundoApellido, FechaDeNacimiento, Edad, Sexo, Estado) VALUES ('Juan', 'Maris', 'Negrón', 'Almaraz', '2006-04-24', 19, 'M', 1);
INSERT INTO Personas (PrimerNombre, SegundoNombre, PrimerApellido, SegundoApellido, FechaDeNacimiento, Edad, Sexo, Estado) VALUES ('Patricia', 'Erica', 'Negrón', 'Almaraz', '2006-04-24', 19, 'F', 1);
INSERT INTO Personas (PrimerNombre, SegundoNombre, PrimerApellido, SegundoApellido, FechaDeNacimiento, Edad, Sexo, Estado) VALUES ('Soledad', 'María del Carmen', 'Lovato', 'Terán', '1985-04-24', 40, 'F', 1);
INSERT INTO Personas (PrimerNombre, SegundoNombre, PrimerApellido, SegundoApellido, FechaDeNacimiento, Edad, Sexo, Estado) VALUES ('Estefo', 'Luis', 'Lovato', 'Terán', '1988-04-24', 37, 'M', 1);
INSERT INTO Personas (PrimerNombre, SegundoNombre, PrimerApellido, SegundoApellido, FechaDeNacimiento, Edad, Sexo, Estado) VALUES ('Modesto', 'Modesto', 'Lovato', 'Terán', '1998-04-24', 27, 'M', 1);
INSERT INTO Personas (PrimerNombre, SegundoNombre, PrimerApellido, SegundoApellido, FechaDeNacimiento, Edad, Sexo, Estado) VALUES ('Marcela', 'Micaela', 'Lovato', 'Terán', '1996-04-24', 29, 'F', 1);
INSERT INTO Personas (PrimerNombre, SegundoNombre, PrimerApellido, SegundoApellido, FechaDeNacimiento, Edad, Sexo, Estado) VALUES ('Zeferino', 'Aldo', 'Díaz', 'Saiz', '1980-04-24', 45, 'M', 1);
INSERT INTO Personas (PrimerNombre, SegundoNombre, PrimerApellido, SegundoApellido, FechaDeNacimiento, Edad, Sexo, Estado) VALUES ('Elisa', 'Eugenia', 'Díaz', 'Saiz', '1992-04-24', 33, 'F', 1);
INSERT INTO Personas (PrimerNombre, SegundoNombre, PrimerApellido, SegundoApellido, FechaDeNacimiento, Edad, Sexo, Estado) VALUES ('Karla', 'Leone', 'Díaz', 'Saiz', '2015-04-24', 10, 'F', 1);
INSERT INTO Personas (PrimerNombre, SegundoNombre, PrimerApellido, SegundoApellido, FechaDeNacimiento, Edad, Sexo, Estado) VALUES ('Estefano', 'Rufino', 'Díaz', 'Saiz', '2011-04-24', 14, 'M', 1);
INSERT INTO Personas (PrimerNombre, SegundoNombre, PrimerApellido, SegundoApellido, FechaDeNacimiento, Edad, Sexo, Estado) VALUES ('Patricia', 'Úrsula', 'Velázquez', 'Núñez', '1982-04-24', 43, 'F', 1);
INSERT INTO Personas (PrimerNombre, SegundoNombre, PrimerApellido, SegundoApellido, FechaDeNacimiento, Edad, Sexo, Estado) VALUES ('Martha', 'Adela', 'Velázquez', 'Núñez', '1979-04-24', 46, 'F', 1);
INSERT INTO Personas (PrimerNombre, SegundoNombre, PrimerApellido, SegundoApellido, FechaDeNacimiento, Edad, Sexo, Estado) VALUES ('Benito', 'Julio', 'Velázquez', 'Núñez', '2013-04-24', 12, 'M', 1);
INSERT INTO Personas (PrimerNombre, SegundoNombre, PrimerApellido, SegundoApellido, FechaDeNacimiento, Edad, Sexo, Estado) VALUES ('Patricio', 'Carlos', 'Velázquez', 'Núñez', '2023-04-24', 2, 'M', 1);
INSERT INTO Personas (PrimerNombre, SegundoNombre, PrimerApellido, SegundoApellido, FechaDeNacimiento, Edad, Sexo, Estado) VALUES ('Teresa', 'Beatriz', 'Acuña', 'Márquez', '1981-04-24', 44, 'F', 1);
INSERT INTO Personas (PrimerNombre, SegundoNombre, PrimerApellido, SegundoApellido, FechaDeNacimiento, Edad, Sexo, Estado) VALUES ('Susana', 'Ólivera', 'Acuña', 'Márquez', '1980-04-24', 45, 'F', 1);
INSERT INTO Personas (PrimerNombre, SegundoNombre, PrimerApellido, SegundoApellido, FechaDeNacimiento, Edad, Sexo, Estado) VALUES ('Salvador', 'Leonardo', 'Acuña', 'Márquez', '2024-04-24', 1, 'M', 1);
INSERT INTO Personas (PrimerNombre, SegundoNombre, PrimerApellido, SegundoApellido, FechaDeNacimiento, Edad, Sexo, Estado) VALUES ('Paulino', 'Víctor', 'Acuña', 'Márquez', '2017-04-24', 8, 'M', 1);
INSERT INTO Personas (PrimerNombre, SegundoNombre, PrimerApellido, SegundoApellido, FechaDeNacimiento, Edad, Sexo, Estado) VALUES ('Wendolina', 'Lorena', 'Chavarría', 'Rosales', '1978-04-24', 47, 'F', 1);
INSERT INTO Personas (PrimerNombre, SegundoNombre, PrimerApellido, SegundoApellido, FechaDeNacimiento, Edad, Sexo, Estado) VALUES ('Iván', 'Antonio', 'Chavarría', 'Rosales', '1972-04-24', 53, 'M', 1);
INSERT INTO Personas (PrimerNombre, SegundoNombre, PrimerApellido, SegundoApellido, FechaDeNacimiento, Edad, Sexo, Estado) VALUES ('Francisca', 'Gabina', 'Chavarría', 'Rosales', '2019-04-24', 6, 'F', 1);
INSERT INTO Personas (PrimerNombre, SegundoNombre, PrimerApellido, SegundoApellido, FechaDeNacimiento, Edad, Sexo, Estado) VALUES ('Ofelia', 'Zacarías', 'Chavarría', 'Rosales', '2004-04-24', 21, 'F', 1);
INSERT INTO Personas (PrimerNombre, SegundoNombre, PrimerApellido, SegundoApellido, FechaDeNacimiento, Edad, Sexo, Estado) VALUES ('Marisol', 'Esmeralda', 'Jimínez', 'Rodrígez', '1994-04-24', 31, 'F', 1);
INSERT INTO Personas (PrimerNombre, SegundoNombre, PrimerApellido, SegundoApellido, FechaDeNacimiento, Edad, Sexo, Estado) VALUES ('Graciela', 'Pilar', 'Jimínez', 'Rodrígez', '1970-04-24', 55, 'F', 1);
INSERT INTO Personas (PrimerNombre, SegundoNombre, PrimerApellido, SegundoApellido, FechaDeNacimiento, Edad, Sexo, Estado) VALUES ('Israel', 'Claudio', 'Jimínez', 'Rodrígez', '1999-04-24', 26, 'M', 1);
INSERT INTO Personas (PrimerNombre, SegundoNombre, PrimerApellido, SegundoApellido, FechaDeNacimiento, Edad, Sexo, Estado) VALUES ('Jaquel', 'Ángel', 'Jimínez', 'Rodrígez', '2000-04-24', 25, 'M', 1);
INSERT INTO Personas (PrimerNombre, SegundoNombre, PrimerApellido, SegundoApellido, FechaDeNacimiento, Edad, Sexo, Estado) VALUES ('Juan', 'Wendolin', 'Rivero', 'Echeverría', '1988-04-24', 37, 'M', 1);
INSERT INTO Personas (PrimerNombre, SegundoNombre, PrimerApellido, SegundoApellido, FechaDeNacimiento, Edad, Sexo, Estado) VALUES ('Susano', 'Alejandro', 'Rivero', 'Echeverría', '1975-04-24', 50, 'M', 1);
INSERT INTO Personas (PrimerNombre, SegundoNombre, PrimerApellido, SegundoApellido, FechaDeNacimiento, Edad, Sexo, Estado) VALUES ('Federico', 'Gilberto', 'Rivero', 'Echeverría', '2024-04-24', 1, 'M', 1);
INSERT INTO Personas (PrimerNombre, SegundoNombre, PrimerApellido, SegundoApellido, FechaDeNacimiento, Edad, Sexo, Estado) VALUES ('Ilse', 'Celia', 'Rivero', 'Echeverría', '2007-04-24', 18, 'F', 1);
INSERT INTO Personas (PrimerNombre, SegundoNombre, PrimerApellido, SegundoApellido, FechaDeNacimiento, Edad, Sexo, Estado) VALUES ('Claudio', 'Hugo', 'Portillo', 'Coronado', '1967-04-24', 58, 'M', 1);
INSERT INTO Personas (PrimerNombre, SegundoNombre, PrimerApellido, SegundoApellido, FechaDeNacimiento, Edad, Sexo, Estado) VALUES ('Lourdesa', 'Rosa', 'Portillo', 'Coronado', '1984-04-24', 41, 'F', 1);
INSERT INTO Personas (PrimerNombre, SegundoNombre, PrimerApellido, SegundoApellido, FechaDeNacimiento, Edad, Sexo, Estado) VALUES ('Paulina', 'Isabel', 'Portillo', 'Coronado', '2022-04-24', 3, 'F', 1);
INSERT INTO Personas (PrimerNombre, SegundoNombre, PrimerApellido, SegundoApellido, FechaDeNacimiento, Edad, Sexo, Estado) VALUES ('Jorge', 'Victor', 'Portillo', 'Coronado', '1998-04-24', 27, 'M', 1);
INSERT INTO Personas (PrimerNombre, SegundoNombre, PrimerApellido, SegundoApellido, FechaDeNacimiento, Edad, Sexo, Estado) VALUES ('Mario', 'Alfredo', 'Alcántar', 'Ferrer', '1991-04-24', 34, 'M', 1);
INSERT INTO Personas (PrimerNombre, SegundoNombre, PrimerApellido, SegundoApellido, FechaDeNacimiento, Edad, Sexo, Estado) VALUES ('Luis', 'Carlos', 'Alcántar', 'Ferrer', '1976-04-24', 49, 'M', 1);
INSERT INTO Personas (PrimerNombre, SegundoNombre, PrimerApellido, SegundoApellido, FechaDeNacimiento, Edad, Sexo, Estado) VALUES ('Mayte', 'Graciela', 'Alcántar', 'Ferrer', '2023-04-24', 2, 'F', 1);
INSERT INTO Personas (PrimerNombre, SegundoNombre, PrimerApellido, SegundoApellido, FechaDeNacimiento, Edad, Sexo, Estado) VALUES ('Esther', 'Mónica', 'Alcántar', 'Ferrer', '2001-04-24', 24, 'F', 1);
GO

SET IDENTITY_INSERT [dbo].[Departamentos] ON
GO
insert into Departamentos (Id, Nombre, Estado, CantidadMunicipios) values (1, 'Managua', 1,3)
insert into Departamentos (Id, Nombre, Estado, CantidadMunicipios) values (2, 'León', 1,3)
insert into Departamentos (Id, Nombre, Estado,CantidadMunicipios) values (3, 'RAAN', 1,3)
insert into Departamentos (Id, Nombre, Estado,CantidadMunicipios) values (4, 'Masaya', 1,2)
insert into Departamentos (Id, Nombre, Estado,CantidadMunicipios) values (5, 'Rivas', 1,2)
GO
SET IDENTITY_INSERT [dbo].[Departamentos] OFF
GO
SET IDENTITY_INSERT [dbo].[Municipios] ON
GO
insert into Municipios (Id, Nombre, Estado, DepartamentoId,CantidadBarrios) values (1, 'Managua',NULL,  1,2)
insert into Municipios (Id, Nombre, Estado, DepartamentoId,CantidadBarrios) values (2, 'Ciudad Sandino', NULL,  1,1)
insert into Municipios (Id, Nombre, Estado, DepartamentoId,CantidadBarrios) values (3, 'Ticuantepe', NULL,  1,1)
insert into Municipios (Id, Nombre, Estado, DepartamentoId,CantidadBarrios) values (4, 'Léon', NULL,  2,2)
insert into Municipios (Id, Nombre, Estado, DepartamentoId,CantidadBarrios) values (5, 'Telica', NULL, 2,1)
insert into Municipios (Id, Nombre, Estado, DepartamentoId,CantidadBarrios) values (6, 'Nagarote', NULL,  2,1)
insert into Municipios (Id, Nombre, Estado, DepartamentoId,CantidadBarrios) values (7, 'Siuna', NULL,  3,2)
insert into Municipios (Id, Nombre, Estado, DepartamentoId,CantidadBarrios) values (8, 'Puerto Cabeza', NULL,  3,2)
insert into Municipios (Id, Nombre, Estado, DepartamentoId,CantidadBarrios) values (9, 'Mulukukú', NULL, 3,2)
insert into Municipios (Id, Nombre, Estado, DepartamentoId,CantidadBarrios) values (10, 'Masaya', NULL,  4,2)
insert into Municipios (Id, Nombre, Estado, DepartamentoId,CantidadBarrios) values (11, 'Niquinohomo', NULL, 4,1)
insert into Municipios (Id, Nombre, Estado, DepartamentoId,CantidadBarrios) values (12, 'Altagracia', NULL, 5,1)
insert into Municipios (Id, Nombre, Estado, DepartamentoId,CantidadBarrios) values (13, 'Rivas', NULL, 5,2)
GO
SET IDENTITY_INSERT [dbo].[Municipios] OFF
GO
SET IDENTITY_INSERT [dbo].[Barrios] ON
GO
insert into Barrios (Id, Nombre, Estado, MunicipioId,CantidadCasas) values (1, 'Altamira del Este',NULL,  1,2);
insert into Barrios (Id, Nombre, Estado, MunicipioId,CantidadCasas) values (2, 'Barrio 19 de Julio',NULL, 1,2);
insert into Barrios (Id, Nombre, Estado, MunicipioId,CantidadCasas) values (3, 'Urbanización San Miguel',NULL, 2,2);
insert into Barrios (Id, Nombre, Estado, MunicipioId,CantidadCasas) values (4, 'Barrio Medardo Andino',NULL, 3,2);
insert into Barrios (Id, Nombre, Estado, MunicipioId,CantidadCasas) values (5, 'Barrio El Calvario',NULL, 4,1);
insert into Barrios (Id, Nombre, Estado, MunicipioId,CantidadCasas) values (6, 'Barrio Guadalupe',NULL, 4,1);
insert into Barrios (Id, Nombre, Estado, MunicipioId,CantidadCasas) values (7, 'Barrio La Cruz',NULL, 5,1);
insert into Barrios (Id, Nombre, Estado, MunicipioId,CantidadCasas) values (8, 'Barrio El Rosario',NULL, 6,1);
insert into Barrios (Id, Nombre, Estado, MunicipioId,CantidadCasas) values (9, '19 de Julio',NULL, 7,1);
insert into Barrios (Id, Nombre, Estado, MunicipioId,CantidadCasas) values (10, 'Sol de libertad',NULL, 7,1);
insert into Barrios (Id, Nombre, Estado, MunicipioId,CantidadCasas) values (11, 'San Judas',NULL, 8,1);
insert into Barrios (Id, Nombre, Estado, MunicipioId,CantidadCasas) values (12, 'Colina del Verbo',NULL, 8,1);
insert into Barrios (Id, Nombre, Estado, MunicipioId,CantidadCasas) values (13, 'Barrio Arnoldo Alemán',NULL, 9,1);
insert into Barrios (Id, Nombre, Estado, MunicipioId,CantidadCasas) values (14, 'Baká',NULL, 9,1);
insert into Barrios (Id, Nombre, Estado, MunicipioId,CantidadCasas) values (15, 'Monimbó',NULL, 10,1);
insert into Barrios (Id, Nombre, Estado, MunicipioId,CantidadCasas) values (16, 'El Calavario',NULL, 10,1);
insert into Barrios (Id, Nombre, Estado, MunicipioId,CantidadCasas) values (17, 'María Auxiliadora',NULL, 11,1);
insert into Barrios (Id, Nombre, Estado, MunicipioId,CantidadCasas) values (18, 'San Ramón',NULL, 12,2);
insert into Barrios (Id, Nombre, Estado, MunicipioId,CantidadCasas) values (19, 'Barrio Obrero',NULL, 13,1);
insert into Barrios (Id, Nombre, Estado, MunicipioId,CantidadCasas) values (20, 'Barrio Los Pinos',NULL, 13,1);
GO
SET IDENTITY_INSERT [dbo].[Barrios] OFF
GO
SET IDENTITY_INSERT [dbo].[Casas] ON
GO
insert into Casas (Id, NumCasa, CantidadHombres, CantidadMujeres, BarrioId) values (1, 4862, 2, 2, 1);
insert into Casas (Id, NumCasa, CantidadHombres, CantidadMujeres, BarrioId) values (2, 977, 2, 2, 1);
insert into Casas (Id, NumCasa, CantidadHombres, CantidadMujeres, BarrioId) values (3, 171, 2, 2, 2);
insert into Casas (Id, NumCasa, CantidadHombres, CantidadMujeres, BarrioId) values (4, 3726, 3, 1, 2);
insert into Casas (Id, NumCasa, CantidadHombres, CantidadMujeres, BarrioId) values (5, 3946, 3, 1, 3);
insert into Casas (Id, NumCasa, CantidadHombres, CantidadMujeres, BarrioId) values (6, 9262, 1, 3, 3);
insert into Casas (Id, NumCasa, CantidadHombres, CantidadMujeres, BarrioId) values (7, 866, 2, 2, 4);
insert into Casas (Id, NumCasa, CantidadHombres, CantidadMujeres, BarrioId) values (8, 9849, 1, 3, 4);
insert into Casas (Id, NumCasa, CantidadHombres, CantidadMujeres, BarrioId) values (9, 1880, 2, 2, 5);
insert into Casas (Id, NumCasa, CantidadHombres, CantidadMujeres, BarrioId) values (10, 5461, 0, 4, 6);
insert into Casas (Id, NumCasa, CantidadHombres, CantidadMujeres, BarrioId) values (11, 9415, 2, 2, 7);
insert into Casas (Id, NumCasa, CantidadHombres, CantidadMujeres, BarrioId) values (12, 5366, 2, 2, 8);
insert into Casas (Id, NumCasa, CantidadHombres, CantidadMujeres, BarrioId) values (13, 298, 1, 3, 9);
insert into Casas (Id, NumCasa, CantidadHombres, CantidadMujeres, BarrioId) values (14, 4443, 3, 1, 10);
insert into Casas (Id, NumCasa, CantidadHombres, CantidadMujeres, BarrioId) values (15, 9917, 2, 2, 11);
insert into Casas (Id, NumCasa, CantidadHombres, CantidadMujeres, BarrioId) values (16, 4283, 3, 1, 12);
insert into Casas (Id, NumCasa, CantidadHombres, CantidadMujeres, BarrioId) values (17, 7126, 2, 2, 13);
insert into Casas (Id, NumCasa, CantidadHombres, CantidadMujeres, BarrioId) values (18, 9457, 2, 2, 14);
insert into Casas (Id, NumCasa, CantidadHombres, CantidadMujeres, BarrioId) values (19, 4394, 2, 2, 15);
insert into Casas (Id, NumCasa, CantidadHombres, CantidadMujeres, BarrioId) values (20, 1848, 2, 2,  16);
insert into Casas (Id, NumCasa, CantidadHombres, CantidadMujeres, BarrioId) values (21, 7668, 1, 3,  17);
insert into Casas (Id, NumCasa, CantidadHombres, CantidadMujeres, BarrioId) values (22, 8121, 2, 2,  18);
insert into Casas (Id, NumCasa, CantidadHombres, CantidadMujeres, BarrioId) values (23, 8212, 3, 1, 18);
insert into Casas (Id, NumCasa, CantidadHombres, CantidadMujeres, BarrioId) values (24, 6452, 2, 2,  19);
insert into Casas (Id, NumCasa, CantidadHombres, CantidadMujeres, BarrioId) values (25, 5554, 2, 2,20);
GO

SET IDENTITY_INSERT [dbo].[Casas] OFF
GO
SET IDENTITY_INSERT [dbo].[CuentasInvestigadores] ON
GO
insert into CuentasInvestigadores (Id, Usuario, password) values (1, 'Jose1923', 'pbkdf2_sha256$1000000$wSxqi69ZpcTE8CX06BzO8a$yP2dTAYPXTu2Sgv2hJ5tfzrASyePleM7IEnzA8Gy5zI=');
insert into CuentasInvestigadores (Id, Usuario, password) values (2, 'Valeria', 'pbkdf2_sha256$1000000$oDme5iIGBFqnqHyErY5OK0$ZS4Vrf9YT9R/aRnYPOG3XAJDa1EFlDhdnD0Hvq+plo8=');
insert into CuentasInvestigadores (Id, Usuario, password) values (3, 'ElAdri', 'pbkdf2_sha256$1000000$BVCAB7w5YncPrNmvclpaaU$EMhESWUzz8N4b1jmY1j5VeGxEW2p1Uugkfi5tAozUXc=');
GO
SET IDENTITY_INSERT [dbo].[CuentasInvestigadores] OFF
GO
SET IDENTITY_INSERT [dbo].[Investigadores] ON
GO
insert into Investigadores (Id, CuentaId, PrimerNombre, SegundoNombre, PrimerApellido, SegundoApellido, Sexo, Edad) values (1, 1, 'Jose', NULL, 'Martinez', 'Moncada', 'M', 20);
insert into Investigadores (Id, CuentaId, PrimerNombre, SegundoNombre, PrimerApellido, SegundoApellido, Sexo, Edad) values (2, 2, 'Valeria', 'Fernanda', 'Torrez', 'Alshouse', 'F', 19);
insert into Investigadores (Id, CuentaId, PrimerNombre, SegundoNombre, PrimerApellido, SegundoApellido, Sexo, Edad) values (3, 3, 'Adrian', 'Antonio', 'Martinez', 'Cubillo', 'M', 22);
GO
SET IDENTITY_INSERT [dbo].[Investigadores] OFF
GO
SET IDENTITY_INSERT [dbo].[ContactosInvestigadores] ON
GO
insert into ContactosInvestigadores(Id, InvestigadorId, Contacto) values(1,1, 89762134);
insert into ContactosInvestigadores(Id, InvestigadorId, Contacto) values(2,2, 87564321);
insert into ContactosInvestigadores(Id, InvestigadorId, Contacto) values(3,3, 83241672);
GO
SET IDENTITY_INSERT [dbo].[ContactosInvestigadores] OFF
GO
SET IDENTITY_INSERT [dbo].[Encuestas] ON
GO
insert into Encuestas (Id, InvestigadorId, Fecha) values (1,2, '2020-02-12');
insert into Encuestas (Id, InvestigadorId, Fecha) values (2,3, '2021-03-24');
insert into Encuestas (Id, InvestigadorId, Fecha) values (3,1, '2020-01-23');
insert into Encuestas (Id, InvestigadorId, Fecha) values (4,1, '2023-01-12');
insert into Encuestas (Id, InvestigadorId, Fecha) values (5,1, '2021-05-21');
insert into Encuestas (Id, InvestigadorId, Fecha) values (6,1, '2024-01-15');
insert into Encuestas (Id, InvestigadorId, Fecha) values (7,1, '2021-12-11');
insert into Encuestas (Id, InvestigadorId, Fecha) values (8,2, '2021-01-12');
insert into Encuestas (Id, InvestigadorId, Fecha) values (9,2, '2023-08-12');
insert into Encuestas (Id, InvestigadorId, Fecha) values (10,2, '2021-01-19');
insert into Encuestas (Id, InvestigadorId, Fecha) values (11,2, '2022-06-9');
insert into Encuestas (Id, InvestigadorId, Fecha) values (12,3, '2022-09-12');
insert into Encuestas (Id, InvestigadorId, Fecha) values (13,3, '2021-12-12');
insert into Encuestas (Id, InvestigadorId, Fecha) values (14,3, '2022-01-14');
insert into Encuestas (Id, InvestigadorId, Fecha) values (15,3, '2019-04-18');
insert into Encuestas (Id, InvestigadorId, Fecha) values (16,1, '2019-02-16');
insert into Encuestas (Id, InvestigadorId, Fecha) Values (17,1, '2020-05-05');
insert into Encuestas (Id, InvestigadorId, Fecha) values (18,1, '2019-01-12');
insert into Encuestas (Id, InvestigadorId, Fecha) values (19,1, '2020-12-01');
insert into Encuestas (Id, InvestigadorId, Fecha) values (20,2, '2024-12-02');
insert into Encuestas (Id, InvestigadorId, Fecha) values (21,2, '2023-07-12');
insert into Encuestas (Id, InvestigadorId, Fecha) values (22,3, '2021-12-02');
insert into Encuestas (Id, InvestigadorId, Fecha) values (23,2, '2024-06-19');
insert into Encuestas (Id, InvestigadorId, Fecha) values (24,2, '2024-06-20');
insert into Encuestas (Id, InvestigadorId, Fecha) values (25,2, '2024-07-12');
GO
SET IDENTITY_INSERT [dbo].[Encuestas] OFF
GO
SET IDENTITY_INSERT [dbo].[EncuestasINIDETrabajadores] ON
GO
insert into EncuestasINIDETrabajadores(Id, CasaId, EncuestaId) values (1,1,1);
insert into EncuestasINIDETrabajadores(Id, CasaId, EncuestaId) values (2,2,2);
insert into EncuestasINIDETrabajadores(Id, CasaId, EncuestaId) values (3,3,3);
insert into EncuestasINIDETrabajadores(Id, CasaId, EncuestaId) values (4,4,4);
insert into EncuestasINIDETrabajadores(Id, CasaId, EncuestaId) values (5,5,5);
insert into EncuestasINIDETrabajadores(Id, CasaId, EncuestaId) values (6,6,6);
insert into EncuestasINIDETrabajadores(Id, CasaId, EncuestaId) values (7,7,7);
insert into EncuestasINIDETrabajadores(Id, CasaId, EncuestaId) values (8,8,8);
insert into EncuestasINIDETrabajadores(Id, CasaId, EncuestaId) values (9,9,9);
insert into EncuestasINIDETrabajadores(Id, CasaId, EncuestaId) values (10,10,10);
insert into EncuestasINIDETrabajadores(Id, CasaId, EncuestaId) values (11,11,11);
insert into EncuestasINIDETrabajadores(Id, CasaId, EncuestaId) values (12,12,12);
insert into EncuestasINIDETrabajadores(Id, CasaId, EncuestaId) values (13,13,13);
insert into EncuestasINIDETrabajadores(Id, CasaId, EncuestaId) values (14,14,14);
insert into EncuestasINIDETrabajadores(Id, CasaId, EncuestaId) values (15,15,15);
insert into EncuestasINIDETrabajadores(Id, CasaId, EncuestaId) values (16,16,16);
insert into EncuestasINIDETrabajadores(Id, CasaId, EncuestaId) values (17,17,17);
insert into EncuestasINIDETrabajadores(Id, CasaId, EncuestaId) values (18,18,18);
insert into EncuestasINIDETrabajadores(Id, CasaId, EncuestaId) values (19,19,19);
insert into EncuestasINIDETrabajadores(Id, CasaId, EncuestaId) values (20,20,20);
insert into EncuestasINIDETrabajadores(Id, CasaId, EncuestaId) values (21,21,21);
insert into EncuestasINIDETrabajadores(Id, CasaId, EncuestaId) values (22,22,22);
insert into EncuestasINIDETrabajadores(Id, CasaId, EncuestaId) values (23,23,23);
insert into EncuestasINIDETrabajadores(Id, CasaId, EncuestaId) values (24,24,24);
insert into EncuestasINIDETrabajadores(Id, CasaId, EncuestaId) values (25,25,25);
GO
SET IDENTITY_INSERT [dbo].[EncuestasINIDETrabajadores] OFF
GO
SET IDENTITY_INSERT [dbo].[Empleos] ON
GO
insert into Empleos (Id, Empleo) values (1, 'Campesino');
insert into Empleos (Id, Empleo) values (2, 'Obrero');
insert into Empleos (Id, Empleo) values (3, 'Técnico Agropecuario');
insert into Empleos (Id, Empleo) values (4, 'Vendedor');
insert into Empleos (Id, Empleo) values (5, 'Cajero');
insert into Empleos (Id, Empleo) values (6, 'Comercioate Informal');
insert into Empleos (Id, Empleo) values (7, 'Dependiente de tienda');
insert into Empleos (Id, Empleo) values (8, 'Trabajador doméstico');
insert into Empleos (Id, Empleo) values (9, 'Repartidor');
insert into Empleos (Id, Empleo) values (10, 'Conductor de taxi');
insert into Empleos (Id, Empleo) values (11, 'Barbero');
insert into Empleos (Id, Empleo) values (12, 'Mesero');
insert into Empleos (Id, Empleo) values (13, 'Cocinero');
insert into Empleos (Id, Empleo) values (14, 'Maestro');
insert into Empleos (Id, Empleo) values (15, 'Enfermero');
insert into Empleos (Id, Empleo) values (16, 'Médico general');
insert into Empleos (Id, Empleo) values (17, 'Albañil');
insert into Empleos (Id, Empleo) values (18, 'Carpintero');
insert into Empleos (Id, Empleo) values (19, 'Electricista');
insert into Empleos (Id, Empleo) values (20, 'Costurero');
insert into Empleos (Id, Empleo) values (21, 'Desempleado');
GO
SET IDENTITY_INSERT [dbo].[Empleos] OFF
GO
SET IDENTITY_INSERT [dbo].[RelacionesParentescos] ON
GO
insert into RelacionesParentescos (Id, Relacion) values (1,'Titular del hogar');
insert into RelacionesParentescos (Id, Relacion) values (2, 'Conyugue');
insert into RelacionesParentescos (Id, Relacion) values (3, 'hijo');
insert into RelacionesParentescos (Id, Relacion) values (4, 'hija');
insert into RelacionesParentescos (Id, Relacion) values (5, 'Padre');
insert into RelacionesParentescos (Id, Relacion) values (6, 'Madre');
insert into RelacionesParentescos (Id, Relacion) values (7, 'Hermano');
insert into RelacionesParentescos (Id, Relacion) values (8, 'Hermana');
GO
SET IDENTITY_INSERT [dbo].[RelacionesParentescos] OFF
GO
SET IDENTITY_INSERT [dbo].[EstadosCiviles] ON
GO
insert into EstadosCiviles (Id, EstadoCivil) values (1, 'Casado');
insert into EstadosCiviles (Id, EstadoCivil) values (2, 'Soltero');
insert into EstadosCiviles (Id, EstadoCivil) values (3, 'Divorciado');
insert into EstadosCiviles (Id, EstadoCivil) values (4, 'Viudo');
insert into EstadosCiviles (Id, EstadoCivil) values (5, 'Unión Libre');
GO
SET IDENTITY_INSERT [dbo].[EstadosCiviles] OFF
GO
SET IDENTITY_INSERT [dbo].[Empadronados] ON
GO
insert into Empadronados (Id, PersonaId, EncuestaINIDEId, CasaId, EmpleoId, EstadoCivilId, RelacionId) values (1,1,1,1,5,3,1);
insert into Empadronados (Id, PersonaId, EncuestaINIDEId, CasaId, EmpleoId, EstadoCivilId, RelacionId) values (2,2,1,1,14,2,8);
insert into Empadronados (Id, PersonaId, EncuestaINIDEId, CasaId, EmpleoId, EstadoCivilId, RelacionId) values (3,3,1,1,21,2,3);
insert into Empadronados (Id, PersonaId, EncuestaINIDEId, CasaId, EmpleoId, EstadoCivilId, RelacionId) values (4,4,1,1,21,2,3);
insert into Empadronados (Id, PersonaId, EncuestaINIDEId, CasaId, EmpleoId, EstadoCivilId, RelacionId) values (5,5,2,2,19,1,1);
insert into Empadronados (Id, PersonaId, EncuestaINIDEId, CasaId, EmpleoId, EstadoCivilId, RelacionId) values (6,6,2,2,8,1,2);
insert into Empadronados (Id, PersonaId, EncuestaINIDEId, CasaId, EmpleoId, EstadoCivilId, RelacionId) values (7,7,2,2,15,2,4);
insert into Empadronados (Id, PersonaId, EncuestaINIDEId, CasaId, EmpleoId, EstadoCivilId, RelacionId) values (8,8,2,2,21,2,3);
insert into Empadronados (Id, PersonaId, EncuestaINIDEId, CasaId, EmpleoId, EstadoCivilId, RelacionId) values (9,9,3,3,7,2,4);
insert into Empadronados (Id, PersonaId, EncuestaINIDEId, CasaId, EmpleoId, EstadoCivilId, RelacionId) values (10,10,3,3,16,2,1);
insert into Empadronados (Id, PersonaId, EncuestaINIDEId, CasaId, EmpleoId, EstadoCivilId, RelacionId) values (11,11,3,3,21,2,3);
insert into Empadronados (Id, PersonaId, EncuestaINIDEId, CasaId, EmpleoId, EstadoCivilId, RelacionId) values (12,12,3,3,19,2,3);
insert into Empadronados (Id, PersonaId, EncuestaINIDEId, CasaId, EmpleoId, EstadoCivilId, RelacionId) values (13,13,4,4,6,2,1);
insert into Empadronados (Id, PersonaId, EncuestaINIDEId, CasaId, EmpleoId, EstadoCivilId, RelacionId) values (14,14,4,4,9,2,3);
insert into Empadronados (Id, PersonaId, EncuestaINIDEId, CasaId, EmpleoId, EstadoCivilId, RelacionId) values (15,15,4,4,21,2,3);
insert into Empadronados (Id, PersonaId, EncuestaINIDEId, CasaId, EmpleoId, EstadoCivilId, RelacionId) values (16,16,4,4,14,2,4);
insert into Empadronados (Id, PersonaId, EncuestaINIDEId, CasaId, EmpleoId, EstadoCivilId, RelacionId) values (17,17,5,5,8,2,1);
insert into Empadronados (Id, PersonaId, EncuestaINIDEId, CasaId, EmpleoId, EstadoCivilId, RelacionId) values (18,18,5,5,9,2,7);
insert into Empadronados (Id, PersonaId, EncuestaINIDEId, CasaId, EmpleoId, EstadoCivilId, RelacionId) values (19,19,5,5,18,2,8);
insert into Empadronados (Id, PersonaId, EncuestaINIDEId, CasaId, EmpleoId, EstadoCivilId, RelacionId) values (20,20,5,5,21,2,3);
insert into Empadronados (Id, PersonaId, EncuestaINIDEId, CasaId, EmpleoId, EstadoCivilId, RelacionId) values (21,21,6,6,12,4,1);
insert into Empadronados (Id, PersonaId, EncuestaINIDEId, CasaId, EmpleoId, EstadoCivilId, RelacionId) values (22,22,6,6,16,2,8);
insert into Empadronados (Id, PersonaId, EncuestaINIDEId, CasaId, EmpleoId, EstadoCivilId, RelacionId) values (23,23,6,6,15,2,4);
insert into Empadronados (Id, PersonaId, EncuestaINIDEId, CasaId, EmpleoId, EstadoCivilId, RelacionId) values (24,24,6,6,21,2,4);
insert into Empadronados (Id, PersonaId, EncuestaINIDEId, CasaId, EmpleoId, EstadoCivilId, RelacionId) values (25,25,7,7,15,2,8);
insert into Empadronados (Id, PersonaId, EncuestaINIDEId, CasaId, EmpleoId, EstadoCivilId, RelacionId) values (26,26,7,7,12,2,1);
insert into Empadronados (Id, PersonaId, EncuestaINIDEId, CasaId, EmpleoId, EstadoCivilId, RelacionId) values (27,27,7,7,17,2,3);
insert into Empadronados (Id, PersonaId, EncuestaINIDEId, CasaId, EmpleoId, EstadoCivilId, RelacionId) values (28,28,7,7,21,2,3);
insert into Empadronados (Id, PersonaId, EncuestaINIDEId, CasaId, EmpleoId, EstadoCivilId, RelacionId) values (29,29,8,8,16,2,1);
insert into Empadronados (Id, PersonaId, EncuestaINIDEId, CasaId, EmpleoId, EstadoCivilId, RelacionId) values (30,30,8,8,12,2,8);
insert into Empadronados (Id, PersonaId, EncuestaINIDEId, CasaId, EmpleoId, EstadoCivilId, RelacionId) values (31,31,8,8,19,2,3);
insert into Empadronados (Id, PersonaId, EncuestaINIDEId, CasaId, EmpleoId, EstadoCivilId, RelacionId) values (32,32,8,8,21,2,4);
insert into Empadronados (Id, PersonaId, EncuestaINIDEId, CasaId, EmpleoId, EstadoCivilId, RelacionId) values (33,33,9,9,12,2,1);
insert into Empadronados (Id, PersonaId, EncuestaINIDEId, CasaId, EmpleoId, EstadoCivilId, RelacionId) values (34,34,9,9,11,2,8);
insert into Empadronados (Id, PersonaId, EncuestaINIDEId, CasaId, EmpleoId, EstadoCivilId, RelacionId) values (35,35,9,9,21,2,3);
insert into Empadronados (Id, PersonaId, EncuestaINIDEId, CasaId, EmpleoId, EstadoCivilId, RelacionId) values (36,36,9,9,21,2,3);
insert into Empadronados (Id, PersonaId, EncuestaINIDEId, CasaId, EmpleoId, EstadoCivilId, RelacionId) values (37,37,10,10,18,2,8);
insert into Empadronados (Id, PersonaId, EncuestaINIDEId, CasaId, EmpleoId, EstadoCivilId, RelacionId) values (38,38,10,10,17,2,1);
insert into Empadronados (Id, PersonaId, EncuestaINIDEId, CasaId, EmpleoId, EstadoCivilId, RelacionId) values (39,39,10,10,21,2,4);
insert into Empadronados (Id, PersonaId, EncuestaINIDEId, CasaId, EmpleoId, EstadoCivilId, RelacionId) values (40,40,10,10,21,2,4);
insert into Empadronados (Id, PersonaId, EncuestaINIDEId, CasaId, EmpleoId, EstadoCivilId, RelacionId) values (41,41,11,11,10,2,1);
insert into Empadronados (Id, PersonaId, EncuestaINIDEId, CasaId, EmpleoId, EstadoCivilId, RelacionId) values (42,42,11,11,4,2,8);
insert into Empadronados (Id, PersonaId, EncuestaINIDEId, CasaId, EmpleoId, EstadoCivilId, RelacionId) values (43,43,11,11,21,2,3);
insert into Empadronados (Id, PersonaId, EncuestaINIDEId, CasaId, EmpleoId, EstadoCivilId, RelacionId) values (44,44,11,11,21,2,3);
insert into Empadronados (Id, PersonaId, EncuestaINIDEId, CasaId, EmpleoId, EstadoCivilId, RelacionId) values (45,45,12,12,17,1,2);
insert into Empadronados (Id, PersonaId, EncuestaINIDEId, CasaId, EmpleoId, EstadoCivilId, RelacionId) values (46,46,12,12,11,1,1);
insert into Empadronados (Id, PersonaId, EncuestaINIDEId, CasaId, EmpleoId, EstadoCivilId, RelacionId) values (47,47,12,12,21,2,4);
insert into Empadronados (Id, PersonaId, EncuestaINIDEId, CasaId, EmpleoId, EstadoCivilId, RelacionId) values (48,48,12,12,21,2,3);
insert into Empadronados (Id, PersonaId, EncuestaINIDEId, CasaId, EmpleoId, EstadoCivilId, RelacionId) values (49,49,13,13,15,1,2);
insert into Empadronados (Id, PersonaId, EncuestaINIDEId, CasaId, EmpleoId, EstadoCivilId, RelacionId) values (50,50,13,13,18,1,1);
insert into Empadronados (Id, PersonaId, EncuestaINIDEId, CasaId, EmpleoId, EstadoCivilId, RelacionId) values (51,51,13,13,21,2,4);
insert into Empadronados (Id, PersonaId, EncuestaINIDEId, CasaId, EmpleoId, EstadoCivilId, RelacionId) values (52,52,13,13,21,2,4);
insert into Empadronados (Id, PersonaId, EncuestaINIDEId, CasaId, EmpleoId, EstadoCivilId, RelacionId) values (53,53,14,14,18,2,1);
insert into Empadronados (Id, PersonaId, EncuestaINIDEId, CasaId, EmpleoId, EstadoCivilId, RelacionId) values (54,54,14,14,12,2,7);
insert into Empadronados (Id, PersonaId, EncuestaINIDEId, CasaId, EmpleoId, EstadoCivilId, RelacionId) values (55,55,14,14,21,2,3);
insert into Empadronados (Id, PersonaId, EncuestaINIDEId, CasaId, EmpleoId, EstadoCivilId, RelacionId) values (56,56,14,14,21,2,4);
insert into Empadronados (Id, PersonaId, EncuestaINIDEId, CasaId, EmpleoId, EstadoCivilId, RelacionId) values (57,57,15,15,13,1,2);
insert into Empadronados (Id, PersonaId, EncuestaINIDEId, CasaId, EmpleoId, EstadoCivilId, RelacionId) values (58,58,15,15,15,1,1);
insert into Empadronados (Id, PersonaId, EncuestaINIDEId, CasaId, EmpleoId, EstadoCivilId, RelacionId) values (59,59,15,15,21,2,3);
insert into Empadronados (Id, PersonaId, EncuestaINIDEId, CasaId, EmpleoId, EstadoCivilId, RelacionId) values (60,60,15,15,21,2,4);
insert into Empadronados (Id, PersonaId, EncuestaINIDEId, CasaId, EmpleoId, EstadoCivilId, RelacionId) values (61,61,16,16,10,2,1);
insert into Empadronados (Id, PersonaId, EncuestaINIDEId, CasaId, EmpleoId, EstadoCivilId, RelacionId) values (62,62,16,16,18,2,7);
insert into Empadronados (Id, PersonaId, EncuestaINIDEId, CasaId, EmpleoId, EstadoCivilId, RelacionId) values (63,63,16,16,10,2,3);
insert into Empadronados (Id, PersonaId, EncuestaINIDEId, CasaId, EmpleoId, EstadoCivilId, RelacionId) values (64,64,16,16,19,2,4);
insert into Empadronados (Id, PersonaId, EncuestaINIDEId, CasaId, EmpleoId, EstadoCivilId, RelacionId) values (65,65,17,17,12,1,1);
insert into Empadronados (Id, PersonaId, EncuestaINIDEId, CasaId, EmpleoId, EstadoCivilId, RelacionId) values (66,66,17,17,12,1,2);
insert into Empadronados (Id, PersonaId, EncuestaINIDEId, CasaId, EmpleoId, EstadoCivilId, RelacionId) values (67,67,17,17,13,2,7);
insert into Empadronados (Id, PersonaId, EncuestaINIDEId, CasaId, EmpleoId, EstadoCivilId, RelacionId) values (68,68,17,17,16,2,8);
insert into Empadronados (Id, PersonaId, EncuestaINIDEId, CasaId, EmpleoId, EstadoCivilId, RelacionId) values (69,69,18,18,18,1,1);
insert into Empadronados (Id, PersonaId, EncuestaINIDEId, CasaId, EmpleoId, EstadoCivilId, RelacionId) values (70,70,18,18,6,1,2);
insert into Empadronados (Id, PersonaId, EncuestaINIDEId, CasaId, EmpleoId, EstadoCivilId, RelacionId) values (71,71,18,18,21,2,4);
insert into Empadronados (Id, PersonaId, EncuestaINIDEId, CasaId, EmpleoId, EstadoCivilId, RelacionId) values (72,72,18,18,21,2,3);
insert into Empadronados (Id, PersonaId, EncuestaINIDEId, CasaId, EmpleoId, EstadoCivilId, RelacionId) values (73,73,19,19,13,2,8);
insert into Empadronados (Id, PersonaId, EncuestaINIDEId, CasaId, EmpleoId, EstadoCivilId, RelacionId) values (74,74,19,19,14,3,1);
insert into Empadronados (Id, PersonaId, EncuestaINIDEId, CasaId, EmpleoId, EstadoCivilId, RelacionId) values (75,75,19,19,21,2,3);
insert into Empadronados (Id, PersonaId, EncuestaINIDEId, CasaId, EmpleoId, EstadoCivilId, RelacionId) values (76,76,19,19,21,2,3);
insert into Empadronados (Id, PersonaId, EncuestaINIDEId, CasaId, EmpleoId, EstadoCivilId, RelacionId) values (77,77,20,20,17,2,8);
insert into Empadronados (Id, PersonaId, EncuestaINIDEId, CasaId, EmpleoId, EstadoCivilId, RelacionId) values (78,78,20,20,15,2,1);
insert into Empadronados (Id, PersonaId, EncuestaINIDEId, CasaId, EmpleoId, EstadoCivilId, RelacionId) values (79,79,20,20,21,2,3);
insert into Empadronados (Id, PersonaId, EncuestaINIDEId, CasaId, EmpleoId, EstadoCivilId, RelacionId) values (80,80,20,20,21,2,3);
insert into Empadronados (Id, PersonaId, EncuestaINIDEId, CasaId, EmpleoId, EstadoCivilId, RelacionId) values (81,81,21,21,12,1,1);
insert into Empadronados (Id, PersonaId, EncuestaINIDEId, CasaId, EmpleoId, EstadoCivilId, RelacionId) values (82,82,21,21,18,1,2);
insert into Empadronados (Id, PersonaId, EncuestaINIDEId, CasaId, EmpleoId, EstadoCivilId, RelacionId) values (83,83,21,21,21,2,4);
insert into Empadronados (Id, PersonaId, EncuestaINIDEId, CasaId, EmpleoId, EstadoCivilId, RelacionId) values (84,84,21,21,15,2,4);
insert into Empadronados (Id, PersonaId, EncuestaINIDEId, CasaId, EmpleoId, EstadoCivilId, RelacionId) values (85,85,22,22,18,2,4);
insert into Empadronados (Id, PersonaId, EncuestaINIDEId, CasaId, EmpleoId, EstadoCivilId, RelacionId) values (86,86,22,22,11,3,1);
insert into Empadronados (Id, PersonaId, EncuestaINIDEId, CasaId, EmpleoId, EstadoCivilId, RelacionId) values (87,87,22,22,18,2,3);
insert into Empadronados (Id, PersonaId, EncuestaINIDEId, CasaId, EmpleoId, EstadoCivilId, RelacionId) values (88,88,22,22,19,2,3);
insert into Empadronados (Id, PersonaId, EncuestaINIDEId, CasaId, EmpleoId, EstadoCivilId, RelacionId) values (89,89,23,23,12,2,7);
insert into Empadronados (Id, PersonaId, EncuestaINIDEId, CasaId, EmpleoId, EstadoCivilId, RelacionId) values (90,90,23,23,9,3,1);
insert into Empadronados (Id, PersonaId, EncuestaINIDEId, CasaId, EmpleoId, EstadoCivilId, RelacionId) values (91,91,23,23,21,2,3);
insert into Empadronados (Id, PersonaId, EncuestaINIDEId, CasaId, EmpleoId, EstadoCivilId, RelacionId) values (92,92,23,23,21,2,3);
insert into Empadronados (Id, PersonaId, EncuestaINIDEId, CasaId, EmpleoId, EstadoCivilId, RelacionId) values (93,93,24,24,7,3,1);
insert into Empadronados (Id, PersonaId, EncuestaINIDEId, CasaId, EmpleoId, EstadoCivilId, RelacionId) values (94,94,24,24,5,2,8);
insert into Empadronados (Id, PersonaId, EncuestaINIDEId, CasaId, EmpleoId, EstadoCivilId, RelacionId) values (95,95,24,24,21,2,4);
insert into Empadronados (Id, PersonaId, EncuestaINIDEId, CasaId, EmpleoId, EstadoCivilId, RelacionId) values (96,96,24,24,16,2,3);
insert into Empadronados (Id, PersonaId, EncuestaINIDEId, CasaId, EmpleoId, EstadoCivilId, RelacionId) values (97,97,25,25,21,2,7);
insert into Empadronados (Id, PersonaId, EncuestaINIDEId, CasaId, EmpleoId, EstadoCivilId, RelacionId) values (98,98,25,25,13,2,1);
insert into Empadronados (Id, PersonaId, EncuestaINIDEId, CasaId, EmpleoId, EstadoCivilId, RelacionId) values (99,99,25,25,21,2,4);
insert into Empadronados (Id, PersonaId, EncuestaINIDEId, CasaId, EmpleoId, EstadoCivilId, RelacionId) values (100,100,25,25,10,2,4);
GO
SET IDENTITY_INSERT [dbo].[Empadronados] OFF
GO

SET IDENTITY_INSERT [dbo].[CuentasAdministradores] ON
INSERT INTO CuentasAdministradores(Id, Usuario, Contraseña) Values(1, 'Moncada', 'CensaData')
SET IDENTITY_INSERT [dbo].[CuentasAdministradores] OFF
GO

SET IDENTITY_INSERT [dbo]. [Administradores] ON
INSERT INTO Administradores (Id, PrimerNombre, SegundoNombre, PrimerApellido, SegundoApellido, Edad, Sexo, CuentaId) Values (1, 'Francisco', 'Adrian', 'Moncada', 'Cubillo', 25, 'M', 1)
SET IDENTITY_INSERT [dbo].[Administradores] OFF
GO
